psat_avg,prime_psat_avg
77.5,69.16666666666667
74.16666666666667,66.66666666666667
87.5,75.0
75.0,74.16666666666667
90.0,89.16666666666667
73.33333333333333,75.83333333333333
70.83333333333333,69.16666666666667
70.0,68.33333333333333
88.33333333333333,81.66666666666667
80.0,74.16666666666667
86.66666666666667,73.33333333333333
70.0,63.333333333333336
76.66666666666667,65.83333333333333
80.0,82.5
73.33333333333333,58.333333333333336
82.5,73.33333333333333
